{
    "$schema": "https://schema.management.azure.com/schemas/2015-01-01/deploymentParameters.json#",
    "contentVersion": "1.0.0.0",
    "parameters": {
        "virtualMachines_c1_cp1_name": {
            "value": null
        },
        "virtualNetworks_pscka_vnet_name": {
            "value": null
        },
        "networkInterfaces_c1_cp1175_name": {
            "value": null
        },
        "publicIPAddresses_c1_cp1_ip_name": {
            "value": null
        },
        "networkSecurityGroups_c1_cp1_nsg_name": {
            "value": null
        },
        "schedules_shutdown_computevm_c1_cp1_name": {
            "value": null
        }
    }
}