{
    "$schema": "https://schema.management.azure.com/schemas/2019-04-01/deploymentTemplate.json#",
    "contentVersion": "1.0.0.0",
    "parameters": {
        "virtualMachines_c1_cp1_name": {
            "defaultValue": "c1-cp1",
            "type": "String"
        },
        "virtualNetworks_pscka_vnet_name": {
            "defaultValue": "pscka-vnet",
            "type": "String"
        },
        "networkInterfaces_c1_cp1175_name": {
            "defaultValue": "c1-cp1175",
            "type": "String"
        },
        "publicIPAddresses_c1_cp1_ip_name": {
            "defaultValue": "c1-cp1-ip",
            "type": "String"
        },
        "networkSecurityGroups_c1_cp1_nsg_name": {
            "defaultValue": "c1-cp1-nsg",
            "type": "String"
        },
        "schedules_shutdown_computevm_c1_cp1_name": {
            "defaultValue": "shutdown-computevm-c1-cp1",
            "type": "String"
        }
    },
    "variables": {},
    "resources": [
        {
            "type": "Microsoft.Network/networkSecurityGroups",
            "apiVersion": "2020-11-01",
            "name": "[parameters('networkSecurityGroups_c1_cp1_nsg_name')]",
            "location": "southeastasia",
            "properties": {
                "securityRules": [
                    {
                        "name": "SSH",
                        "properties": {
                            "protocol": "TCP",
                            "sourcePortRange": "*",
                            "destinationPortRange": "22",
                            "sourceAddressPrefix": "*",
                            "destinationAddressPrefix": "*",
                            "access": "Allow",
                            "priority": 300,
                            "direction": "Inbound",
                            "sourcePortRanges": [],
                            "destinationPortRanges": [],
                            "sourceAddressPrefixes": [],
                            "destinationAddressPrefixes": []
                        }
                    }
                ]
            }
        },
        {
            "type": "Microsoft.Network/publicIPAddresses",
            "apiVersion": "2020-11-01",
            "name": "[parameters('publicIPAddresses_c1_cp1_ip_name')]",
            "location": "southeastasia",
            "sku": {
                "name": "Basic",
                "tier": "Regional"
            },
            "properties": {
                "ipAddress": "13.76.128.17",
                "publicIPAddressVersion": "IPv4",
                "publicIPAllocationMethod": "Dynamic",
                "idleTimeoutInMinutes": 4,
                "ipTags": []
            }
        },
        {
            "type": "Microsoft.Network/virtualNetworks",
            "apiVersion": "2020-11-01",
            "name": "[parameters('virtualNetworks_pscka_vnet_name')]",
            "location": "southeastasia",
            "properties": {
                "addressSpace": {
                    "addressPrefixes": [
                        "172.16.0.0/16"
                    ]
                },
                "subnets": [
                    {
                        "name": "default",
                        "properties": {
                            "addressPrefix": "172.16.94.0/24",
                            "delegations": [],
                            "privateEndpointNetworkPolicies": "Enabled",
                            "privateLinkServiceNetworkPolicies": "Enabled"
                        }
                    }
                ],
                "virtualNetworkPeerings": [],
                "enableDdosProtection": false
            }
        },
        {
            "type": "Microsoft.Compute/virtualMachines",
            "apiVersion": "2021-03-01",
            "name": "[parameters('virtualMachines_c1_cp1_name')]",
            "location": "southeastasia",
            "dependsOn": [
                "[resourceId('Microsoft.Network/networkInterfaces', parameters('networkInterfaces_c1_cp1175_name'))]"
            ],
            "plan": {
                "name": "ubuntu-server-18-04-minimal",
                "product": "ubuntu-server-18-04-minimal",
                "publisher": "tidalmediainc"
            },
            "properties": {
                "hardwareProfile": {
                    "vmSize": "Standard_B2s"
                },
                "storageProfile": {
                    "imageReference": {
                        "publisher": "tidalmediainc",
                        "offer": "ubuntu-server-18-04-minimal",
                        "sku": "ubuntu-server-18-04-minimal",
                        "version": "latest"
                    },
                    "osDisk": {
                        "osType": "Linux",
                        "name": "[concat(parameters('virtualMachines_c1_cp1_name'), '_OsDisk_1_b224840095644a3486dbd9680e117180')]",
                        "createOption": "FromImage",
                        "caching": "ReadWrite",
                        "managedDisk": {
                            "storageAccountType": "Standard_LRS",
                            "id": "[resourceId('Microsoft.Compute/disks', concat(parameters('virtualMachines_c1_cp1_name'), '_OsDisk_1_b224840095644a3486dbd9680e117180'))]"
                        },
                        "deleteOption": "Detach",
                        "diskSizeGB": 30
                    },
                    "dataDisks": []
                },
                "osProfile": {
                    "computerName": "[parameters('virtualMachines_c1_cp1_name')]",
                    "adminUsername": "vmadmin",
                    "linuxConfiguration": {
                        "disablePasswordAuthentication": false,
                        "provisionVMAgent": true,
                        "patchSettings": {
                            "patchMode": "ImageDefault",
                            "assessmentMode": "ImageDefault"
                        }
                    },
                    "secrets": [],
                    "allowExtensionOperations": true,
                    "requireGuestProvisionSignal": true
                },
                "networkProfile": {
                    "networkInterfaces": [
                        {
                            "id": "[resourceId('Microsoft.Network/networkInterfaces', parameters('networkInterfaces_c1_cp1175_name'))]"
                        }
                    ]
                }
            }
        },
        {
            "type": "microsoft.devtestlab/schedules",
            "apiVersion": "2018-09-15",
            "name": "[parameters('schedules_shutdown_computevm_c1_cp1_name')]",
            "location": "southeastasia",
            "dependsOn": [
                "[resourceId('Microsoft.Compute/virtualMachines', parameters('virtualMachines_c1_cp1_name'))]"
            ],
            "properties": {
                "status": "Enabled",
                "taskType": "ComputeVmShutdownTask",
                "dailyRecurrence": {
                    "time": "1900"
                },
                "timeZoneId": "UTC",
                "notificationSettings": {
                    "status": "Enabled",
                    "timeInMinutes": 30,
                    "emailRecipient": "rcnalus@outlook.com",
                    "notificationLocale": "en"
                },
                "targetResourceId": "[resourceId('Microsoft.Compute/virtualMachines', parameters('virtualMachines_c1_cp1_name'))]"
            }
        },
        {
            "type": "Microsoft.Network/networkSecurityGroups/securityRules",
            "apiVersion": "2020-11-01",
            "name": "[concat(parameters('networkSecurityGroups_c1_cp1_nsg_name'), '/SSH')]",
            "dependsOn": [
                "[resourceId('Microsoft.Network/networkSecurityGroups', parameters('networkSecurityGroups_c1_cp1_nsg_name'))]"
            ],
            "properties": {
                "protocol": "TCP",
                "sourcePortRange": "*",
                "destinationPortRange": "22",
                "sourceAddressPrefix": "*",
                "destinationAddressPrefix": "*",
                "access": "Allow",
                "priority": 300,
                "direction": "Inbound",
                "sourcePortRanges": [],
                "destinationPortRanges": [],
                "sourceAddressPrefixes": [],
                "destinationAddressPrefixes": []
            }
        },
        {
            "type": "Microsoft.Network/virtualNetworks/subnets",
            "apiVersion": "2020-11-01",
            "name": "[concat(parameters('virtualNetworks_pscka_vnet_name'), '/default')]",
            "dependsOn": [
                "[resourceId('Microsoft.Network/virtualNetworks', parameters('virtualNetworks_pscka_vnet_name'))]"
            ],
            "properties": {
                "addressPrefix": "172.16.94.0/24",
                "delegations": [],
                "privateEndpointNetworkPolicies": "Enabled",
                "privateLinkServiceNetworkPolicies": "Enabled"
            }
        },
        {
            "type": "Microsoft.Network/networkInterfaces",
            "apiVersion": "2020-11-01",
            "name": "[parameters('networkInterfaces_c1_cp1175_name')]",
            "location": "southeastasia",
            "dependsOn": [
                "[resourceId('Microsoft.Network/publicIPAddresses', parameters('publicIPAddresses_c1_cp1_ip_name'))]",
                "[resourceId('Microsoft.Network/virtualNetworks/subnets', parameters('virtualNetworks_pscka_vnet_name'), 'default')]",
                "[resourceId('Microsoft.Network/networkSecurityGroups', parameters('networkSecurityGroups_c1_cp1_nsg_name'))]"
            ],
            "properties": {
                "ipConfigurations": [
                    {
                        "name": "ipconfig1",
                        "properties": {
                            "privateIPAddress": "172.16.94.4",
                            "privateIPAllocationMethod": "Dynamic",
                            "publicIPAddress": {
                                "id": "[resourceId('Microsoft.Network/publicIPAddresses', parameters('publicIPAddresses_c1_cp1_ip_name'))]"
                            },
                            "subnet": {
                                "id": "[resourceId('Microsoft.Network/virtualNetworks/subnets', parameters('virtualNetworks_pscka_vnet_name'), 'default')]"
                            },
                            "primary": true,
                            "privateIPAddressVersion": "IPv4"
                        }
                    }
                ],
                "dnsSettings": {
                    "dnsServers": []
                },
                "enableAcceleratedNetworking": false,
                "enableIPForwarding": false,
                "networkSecurityGroup": {
                    "id": "[resourceId('Microsoft.Network/networkSecurityGroups', parameters('networkSecurityGroups_c1_cp1_nsg_name'))]"
                }
            }
        }
    ]
}