{
    "$schema": "https://schema.management.azure.com/schemas/2015-01-01/deploymentParameters.json#",
    "contentVersion": "1.0.0.0",
    "parameters": {
        "location": {
            "value": "southeastasia"
        },
        "networkInterfaceName": {
            "value": "c1-cp1175"
        },
        "networkSecurityGroupName": {
            "value": "c1-cp1-nsg"
        },
        "networkSecurityGroupRules": {
            "value": [
                {
                    "name": "SSH",
                    "properties": {
                        "priority": 300,
                        "protocol": "TCP",
                        "access": "Allow",
                        "direction": "Inbound",
                        "sourceAddressPrefix": "*",
                        "sourcePortRange": "*",
                        "destinationAddressPrefix": "*",
                        "destinationPortRange": "22"
                    }
                }
            ]
        },
        "subnetName": {
            "value": "default"
        },
        "virtualNetworkName": {
            "value": "pscka-vnet"
        },
        "addressPrefixes": {
            "value": [
                "172.16.0.0/16"
            ]
        },
        "subnets": {
            "value": [
                {
                    "name": "default",
                    "properties": {
                        "addressPrefix": "172.16.94.0/24"
                    }
                }
            ]
        },
        "publicIpAddressName": {
            "value": "c1-cp1-ip"
        },
        "publicIpAddressType": {
            "value": "Dynamic"
        },
        "publicIpAddressSku": {
            "value": "Basic"
        },
        "virtualMachineName": {
            "value": "c1-cp1"
        },
        "virtualMachineComputerName": {
            "value": "c1-cp1"
        },
        "virtualMachineRG": {
            "value": "pscka"
        },
        "osDiskType": {
            "value": "Standard_LRS"
        },
        "virtualMachineSize": {
            "value": "Standard_B2s"
        },
        "adminUsername": {
            "value": "vmadmin"
        },
        "adminPassword": {
            "value": null
        },
        "autoShutdownStatus": {
            "value": "Enabled"
        },
        "autoShutdownTime": {
            "value": "19:00"
        },
        "autoShutdownTimeZone": {
            "value": "UTC"
        },
        "autoShutdownNotificationStatus": {
            "value": "Enabled"
        },
        "autoShutdownNotificationLocale": {
            "value": "en"
        },
        "autoShutdownNotificationEmail": {
            "value": "rcnalus@outlook.com"
        }
    }
}